custID,custIc,custName,custContactNum
1,102495884-00003,Marshall Ross,167604262209
2,478519036-00006,Brandon Solomon,162104249368
3,641366513-00001,Channing Conner,167311079698
4,910490747-00003,James Strickland,160503140063
5,052033743-00007,Logan Hughes,168206245881
6,815459797-00008,Stephen Stewart,164012154805
7,607329372-00009,Benjamin Carson,165809142267
8,429461031-00008,Ifeoma Little,168808230869
9,894766930-00008,Guinevere England,162406221362
10,199721192-00003,Lee Wallace,160202061115
11,765310503-00006,Louis Sargent,161304292319
12,805298726-00003,Wang Wright,163812275950
13,892656984-00002,Hermione Newman,166808231150
14,748111275-00008,Ariel Alvarez,167905083171
15,164130502-00002,Idola Haynes,168711289507
16,260599360-00005,Raya Strickland,166610278407
17,497460329-00004,Cassady Bradford,162112162173
18,151408994-00003,Jessamine Guy,165805159281
19,600629695-00005,Brynne Watts,160104058615
20,439932740-00004,Nola Chaney,161705224051
21,257385062-00001,Howard Robertson,165608148002
22,128717410-00004,Diana Lester,164710183635
23,410783104-00004,Roanna Blackwell,166002137781
24,508288511-00001,Vivien Barton,167403059327
25,840753248-00003,Claudia Tyson,164711307274
26,505493411-00001,Amal Arnold,164602231617
27,750012064-00002,Gareth Calderon,164501277935
28,160077806-00000,Colby Finley,167506154330
29,714762002-00000,Ignatius Craig,166510181933
30,708519624-00009,Quentin Montgomery,162903134548
31,383130994-00007,Blossom Brewer,164310118544
32,707717047-00005,Avram Fletcher,164804277210
33,390803658-00009,Clark Vang,168404225495
34,598995926-00006,Ruth Hunt,167409289381
35,837779529-00002,Tucker Weber,160405113630
36,520458209-00001,Camille Solomon,161311269128
37,238659999-00003,Judith Ellis,167602158292
38,120845128-00004,Josephine Conrad,169006090428
39,573913530-00008,Hadley Thompson,162706202203
40,317600666-00000,Dorian Hobbs,163509110403
41,479356297-00008,Jameson Wilkerson,163212162501
42,359073863-00003,Aurora Hicks,169505283151
43,031744022-00000,Rhiannon Baker,166709233669
44,989135702-00003,Brittany Wolf,165207133629
45,582832507-00005,Ryan Fields,164305252274
46,301980595-00005,Blossom Mack,162008050904
47,056613730-00003,Reese Sharpe,160503306771
48,967410812-00002,Wendy Ellis,161904059902
49,834429045-00000,Jason Hansen,166807283954
50,703711622-00000,Christopher Vang,166005123580
51,980261580-00008,Claudia Delaney,162603012101
52,300067188-00007,Lester Case,161903113676
53,833495534-00004,Alan Moss,160906073101
54,425962883-00004,Anjolie Cardenas,169409164408
55,797262060-00008,Jakeem Goodman,165902307676
56,766325161-00004,Channing Justice,165009267807
57,465666303-00008,Ursa Lindsey,167401070219
58,746854934-00005,Ima Moreno,166907174517
59,251381299-00006,Tatyana Chambers,160007200975
60,368116786-00006,Amy Cotton,163102069717
61,920128246-00005,Quincy Davis,163602290318
62,414201269-00001,Yetta Alston,160211232129
63,596097881-00004,Phyllis Ortega,162101226575
64,737966200-00005,Ramona Whitaker,165803163392
65,264327701-00001,Stewart Gamble,161201118047
66,617765078-00002,Ebony Hanson,160201163581
67,801057910-00003,Oren Rocha,162403162643
68,138286083-00009,Solomon Peters,168910306433
69,867738486-00002,Hop Buchanan,161306023696
70,288831571-00006,Rudyard Mercado,167106014710
71,241992379-00008,George Lindsay,167609071142
72,222762346-00005,Daniel Jackson,165609011563
73,039224449-00007,Cassady Diaz,166910022273
74,470107038-00007,Sarah Carr,161708191752
75,310137674-00001,Christopher Whitley,165502286890
76,812863751-00002,Charity Frazier,164910206921
77,481789717-00008,Josiah Moss,161209194545
78,698221892-00004,Winter Vega,162512051471
79,775860083-00002,Forrest Faulkner,169909021025
80,058175837-00002,Reese Compton,165907192123
81,317734556-00002,Blaine Craig,167008131463
82,230937336-00009,Hamilton Barron,165604260785
83,532293115-00004,Stephanie Klein,164703080954
84,424906410-00008,Jarrod Finley,162811141833
85,155595952-00005,Jamal Miranda,169502089601
86,961570587-00009,Joy Wade,161803130333
87,256915141-00004,Armando Melton,167111301524
88,041255118-00006,Reed Lynn,167007227791
89,077047041-00007,Harper Morgan,162403302983
90,590260519-00004,Kenyon Beck,165908233868
91,649583283-00001,Regan Pate,169907065909
92,147567242-00002,Barrett Gilbert,169310108361
93,808479711-00000,Hyatt Cross,165902229060
94,973785694-00009,May Durham,165503180076
95,570034629-00008,Maite Ramsey,168807179018
96,490343167-00006,Tobias Fuentes,161002094819
97,966566713-00006,Jennifer Randolph,164903086652
98,851728428-00000,Martena Rivers,163110046269
99,642266266-00005,Desiree Bell,165101088531
100,630417723-00008,Yardley Horne,167303266626